{
  "info": {
    "name": "Task Manager API",
    "description": "API endpoints for Task Manager application with JWT authentication",
    "schema": "https://schema.getpostman.com/json/collection/v2.1.0/collection.json"
  },
  "auth": {
    "type": "bearer",
    "bearer": [
      {
        "key": "token",
        "value": "{{access_token}}",
        "type": "string"
      }
    ]
  },
  "item": [
    {
      "name": "Authentication",
      "item": [
        {
          "name": "Sign Up",
          "request": {
            "method": "POST",
            "header": [
              {
                "key": "Content-Type",
                "value": "application/json"
              },
              {
                "key": "apikey",
                "value": "{{supabase_anon_key}}"
              }
            ],
            "body": {
              "mode": "raw",
              "raw": "{\n  \"email\": \"user@example.com\",\n  \"password\": \"your_password\"\n}"
            },
            "url": {
              "raw": "{{supabase_url}}/auth/v1/signup",
              "host": ["{{supabase_url}}"],
              "path": ["auth", "v1", "signup"]
            },
            "description": "Register a new user account"
          }
        },
        {
          "name": "Sign In",
          "request": {
            "method": "POST",
            "header": [
              {
                "key": "Content-Type",
                "value": "application/json"
              },
              {
                "key": "apikey",
                "value": "{{supabase_anon_key}}"
              }
            ],
            "body": {
              "mode": "raw",
              "raw": "{\n  \"email\": \"user@example.com\",\n  \"password\": \"your_password\"\n}"
            },
            "url": {
              "raw": "{{supabase_url}}/auth/v1/token?grant_type=password",
              "host": ["{{supabase_url}}"],
              "path": ["auth", "v1", "token"],
              "query": [
                {
                  "key": "grant_type",
                  "value": "password"
                }
              ]
            },
            "description": "Sign in and get access token. Save the access_token from response for authenticated requests."
          }
        },
        {
          "name": "Sign Out",
          "request": {
            "method": "POST",
            "header": [
              {
                "key": "apikey",
                "value": "{{supabase_anon_key}}"
              },
              {
                "key": "Authorization",
                "value": "Bearer {{access_token}}"
              }
            ],
            "url": {
              "raw": "{{supabase_url}}/auth/v1/logout",
              "host": ["{{supabase_url}}"],
              "path": ["auth", "v1", "logout"]
            },
            "description": "Sign out and invalidate current session"
          }
        },
        {
          "name": "Get User",
          "request": {
            "method": "GET",
            "header": [
              {
                "key": "apikey",
                "value": "{{supabase_anon_key}}"
              },
              {
                "key": "Authorization",
                "value": "Bearer {{access_token}}"
              }
            ],
            "url": {
              "raw": "{{supabase_url}}/auth/v1/user",
              "host": ["{{supabase_url}}"],
              "path": ["auth", "v1", "user"]
            },
            "description": "Get current authenticated user information"
          }
        }
      ]
    },
    {
      "name": "Tasks",
      "item": [
        {
          "name": "Get All Tasks",
          "request": {
            "method": "GET",
            "header": [
              {
                "key": "Authorization",
                "value": "Bearer {{access_token}}"
              },
              {
                "key": "apikey",
                "value": "{{supabase_anon_key}}"
              }
            ],
            "url": {
              "raw": "{{supabase_url}}/functions/v1/tasks",
              "host": ["{{supabase_url}}"],
              "path": ["functions", "v1", "tasks"]
            },
            "description": "Get all tasks for authenticated user"
          }
        },
        {
          "name": "Get Tasks with Filters",
          "request": {
            "method": "GET",
            "header": [
              {
                "key": "Authorization",
                "value": "Bearer {{access_token}}"
              },
              {
                "key": "apikey",
                "value": "{{supabase_anon_key}}"
              }
            ],
            "url": {
              "raw": "{{supabase_url}}/functions/v1/tasks?status=pending&priority=high&search=important",
              "host": ["{{supabase_url}}"],
              "path": ["functions", "v1", "tasks"],
              "query": [
                {
                  "key": "status",
                  "value": "pending",
                  "description": "Filter by status: pending, in_progress, completed"
                },
                {
                  "key": "priority",
                  "value": "high",
                  "description": "Filter by priority: low, medium, high"
                },
                {
                  "key": "search",
                  "value": "important",
                  "description": "Search in title and description"
                }
              ]
            },
            "description": "Get tasks with status, priority, and search filters"
          }
        },
        {
          "name": "Get Single Task",
          "request": {
            "method": "GET",
            "header": [
              {
                "key": "Authorization",
                "value": "Bearer {{access_token}}"
              },
              {
                "key": "apikey",
                "value": "{{supabase_anon_key}}"
              }
            ],
            "url": {
              "raw": "{{supabase_url}}/functions/v1/tasks/{{task_id}}",
              "host": ["{{supabase_url}}"],
              "path": ["functions", "v1", "tasks", "{{task_id}}"]
            },
            "description": "Get a single task by ID"
          }
        },
        {
          "name": "Create Task",
          "request": {
            "method": "POST",
            "header": [
              {
                "key": "Content-Type",
                "value": "application/json"
              },
              {
                "key": "Authorization",
                "value": "Bearer {{access_token}}"
              },
              {
                "key": "apikey",
                "value": "{{supabase_anon_key}}"
              }
            ],
            "body": {
              "mode": "raw",
              "raw": "{\n  \"title\": \"Complete project documentation\",\n  \"description\": \"Write comprehensive README and API docs\",\n  \"status\": \"pending\",\n  \"priority\": \"high\"\n}"
            },
            "url": {
              "raw": "{{supabase_url}}/functions/v1/tasks",
              "host": ["{{supabase_url}}"],
              "path": ["functions", "v1", "tasks"]
            },
            "description": "Create a new task. Only title is required."
          }
        },
        {
          "name": "Update Task",
          "request": {
            "method": "PUT",
            "header": [
              {
                "key": "Content-Type",
                "value": "application/json"
              },
              {
                "key": "Authorization",
                "value": "Bearer {{access_token}}"
              },
              {
                "key": "apikey",
                "value": "{{supabase_anon_key}}"
              }
            ],
            "body": {
              "mode": "raw",
              "raw": "{\n  \"title\": \"Updated task title\",\n  \"description\": \"Updated description\",\n  \"status\": \"in_progress\",\n  \"priority\": \"medium\"\n}"
            },
            "url": {
              "raw": "{{supabase_url}}/functions/v1/tasks/{{task_id}}",
              "host": ["{{supabase_url}}"],
              "path": ["functions", "v1", "tasks", "{{task_id}}"]
            },
            "description": "Update an existing task. All fields are optional."
          }
        },
        {
          "name": "Delete Task",
          "request": {
            "method": "DELETE",
            "header": [
              {
                "key": "Authorization",
                "value": "Bearer {{access_token}}"
              },
              {
                "key": "apikey",
                "value": "{{supabase_anon_key}}"
              }
            ],
            "url": {
              "raw": "{{supabase_url}}/functions/v1/tasks/{{task_id}}",
              "host": ["{{supabase_url}}"],
              "path": ["functions", "v1", "tasks", "{{task_id}}"]
            },
            "description": "Delete a task by ID"
          }
        }
      ]
    },
    {
      "name": "Direct Database Access (via Supabase REST API)",
      "item": [
        {
          "name": "Get Tasks (REST API)",
          "request": {
            "method": "GET",
            "header": [
              {
                "key": "apikey",
                "value": "{{supabase_anon_key}}"
              },
              {
                "key": "Authorization",
                "value": "Bearer {{access_token}}"
              }
            ],
            "url": {
              "raw": "{{supabase_url}}/rest/v1/tasks?select=*",
              "host": ["{{supabase_url}}"],
              "path": ["rest", "v1", "tasks"],
              "query": [
                {
                  "key": "select",
                  "value": "*"
                }
              ]
            },
            "description": "Direct database access via Supabase REST API (alternative to Edge Functions)"
          }
        }
      ]
    }
  ],
  "variable": [
    {
      "key": "supabase_url",
      "value": "https://ltrupmisakdecivlbcin.supabase.co",
      "type": "string"
    },
    {
      "key": "supabase_anon_key",
      "value": "eyJhbGciOiJIUzI1NiIsInR5cCI6IkpXVCJ9.eyJpc3MiOiJzdXBhYmFzZSIsInJlZiI6Imx0cnVwbWlzYWtkZWNpdmxiY2luIiwicm9sZSI6ImFub24iLCJpYXQiOjE3Njc3NTY4MTIsImV4cCI6MjA4MzMzMjgxMn0.WR8vrscWN0wxQEbfuOPBWCvluz3rPsel-0aps_c4v_I",
      "type": "string"
    },
    {
      "key": "access_token",
      "value": "",
      "type": "string"
    },
    {
      "key": "task_id",
      "value": "",
      "type": "string"
    }
  ]
}
